Name:Dr. M. Kaykobad  (ডঃ মোহাম্মদ কায়কোবাদ)
Emails:kaykobad@cse.buet.ac.bd;mkbd1234@yahoo.com

Name:Dr. Muhammad Masroor Ali  (ডঃ মুহাম্মদ মাসরুর আলী)
Emails:mmasroorali@cse.buet.ac.bd

Name:Dr. Md. Abul Kashem Mia  (ডঃ মোঃ আবুল কাশেম মিয়া)
Emails:kashem@cse.buet.ac.bd

Name:Dr. Md. Saidur Rahman  (ডঃ মোঃ সাইদুর রহমান)
Emails:saidurrahman@cse.buet.ac.bd

Name:Dr. Md. Monirul Islam  (ডঃ মোঃ মনিরুল ইসলাম)
Emails:mdmonirulislam@cse.buet.ac.bd

Name:Dr. Md. Mostofa Akbar  (ডঃ মোঃ মোস্তফা আকবর)
Emails:mostofa@cse.buet.ac.bd

Name:Dr. Abu Sayed Md. Latiful Hoque  ()
Emails:asmlatifulhoque@cse.buet.ac.bd

Name:Dr. M. Sohel Rahman  (ডঃ মোহাম্মদ সোহেল রহমান)
Emails:msrahman@cse.buet.ac.bd;sohel.kcl@gmail.com

Name:Dr. A.K.M. Ashikur Rahman  (ডঃ এ. কে. এম. আশিকুর রহমান)
Emails:ashikur@cse.buet.ac.bd

Name:Dr. Mohammed Eunus Ali  (ডঃ মোহাম্মদ ইউনুস আলী)
Emails:eunus@cse.buet.ac.bd;mohammed.eunus.ali@gmail.com

Name:Dr. Mahmuda Naznin  (ডঃ মাহমুদা নাজনীন)
Emails:mahmudanaznin@cse.buet.ac.bd;mahmudanaznin@gmail.com

Name:Dr. Md. Monirul Islam  (ডঃ মোঃ মনিরুল ইসলাম)
Emails:mmislam@cse.buet.ac.bd

Name:Dr. Tanzima Hashem  (ডঃ তানজিমা হাশেম)
Emails:tanzimahashem@cse.buet.ac.bd;tanzimahashem@gmail.com;

Name:Dr. Md. Shohrab Hossain  (মোঃ সোহরাব হোসেন)
Emails:mshohrabhossain@cse.buet.ac.bd

Name:Dr. A. B. M. Alim Al Islam  (এ. বি. এম. আলিম আল ইসলাম)
Emails:alim_razi@cse.buet.ac.bd

Name:Dr. Anindya Iqbal  (অনিন্দ্য ইকবাল)
Emails:anindya_iqbal@yahoo.com;anindya@cse.buet.ac.bd

Name:Dr. Rifat Shahriyar  (রিফাত শাহরিয়ার )
Emails:rifat.shahriyar@gmail.com;rifat@cse.buet.ac.bd

Name:Abu Wasif  (আবু ওয়াসিফ)
Emails:wasif@cse.buet.ac.bd

Name:Tanveer Awal  (তানভীর আউয়াল)
Emails:tanveerawal@cse.buet.ac.bd

Name:Khaled Mahmud Shahriar  (খালেদ মাহমুদ শাহরিয়ার)
Emails:k.m.shahriar@gmail.com;khaledshahriar@cse.buet.ac.bd

Name:Dr. Muhammad Abdullah Adnan  (মুহাম্মদ আবদুল্লাহ আদনান)
Emails:abdullah.adnan@gmail.com;adnan@cse.buet.ac.bd

Name:Md. Shariful Islam Bhuyan  (মোঃ শরীফুল ইসলাম ভূঁইয়া)
Emails:sharifulislam@cse.buet.ac.bd

Name:Dr. Md. Shamsuzzoha Bayzid  (ডঃ মোঃ সামসুজ্জোহা বায়েজীদ)
Emails:shams.bayzid@gmail.com;shams_bayzid@cse.buet.ac.bd

Name:Sukarna Barua  (সুকর্ণ বড়ুয়া)
Emails:sukarna.barua@gmail.com;sukarnabarua@cse.buet.ac.bd

Name:Dr. Mohammad Saifur Rahman  (ডঃ মোহাম্মদ সাইফুর রহমান)
Emails:mrahman@cse.buet.ac.bd

Name:Dr. Sadia Sharmin  (সাদিয়া শারমিন)
Emails:sadiasharmin@cse.buet.ac.bd;sadiasharmin.ss@gmail.com

Name:Dr. Atif Hasan Rahman  (আতিফ হাসান রহমান)
Emails:atif@cse.buet.ac.bd

Name:Madhusudan Basak  (মধুসূদন বসাক)
Emails:madhusudanDOTbuet@gmail.com

Name:Dr. Rezwana Reaz   (রিজওয়ানা রিয়াজ )
Emails:rimpi0505042@gmail.com;rimpi@cse.buet.ac.bd

Name:Mahmudur Rahman Hera  (মাহমুদুর রহমান হীরা)
Emails:mahmudhera93@gmail.com

Name:Md. Saiful Islam  (মোঃ সাইফুল ইসলাম)
Emails:saifulDOT11722@gmail.com

Name:Mahjabin Nahar  (মাহজাবিন নাহার)
Emails:mahjabinproma@gmail.com

Name:Nafis Irtiza Tripto  (নাফিস ইরতিজা তৃপ্ত)
Emails:nafisit03@gmail.comnafisirtiza@cse.buet.ac.bd

Name:T. M. Tariq Adnan  (টি. এম. তারিক আদনান   )
Emails:tmadnan10@gmail.com

Name:Shadman Saqib Eusuf  (শাদমান সাকিব ইউসুফ)
Emails:s.saqibeusuf@gmail.com

Name:Preetom Saha Arko  (প্রীতম সাহা অর্ক)
Emails:preetomarko@gmail.com;arko@cse.buet.ac.bd

Name:Sakshar Chakravarty  (সাক্ষর চক্রবর্তী)
Emails:saksharchakravarty5068@gmail.com

Name:Md. Tareq Mahmood  (মোঃ তারেক মাহমুদ)
Emails:tareqDOTmhmd71@gmail.com

Name:Shehab Sarar Ahmed  (শিহাব সারার আহমেদ)
Emails:shehabatteacherDOTcseDOTbuetDOTacDOTbd

Name:Md. Masum Mushfiq  (মো: মাসুম মুশফিক )
Emails:mushfiq@teacher.cse.buet.ac.bdmasummushfiq

Name:Syed Md. Mukit Rashid  (সৈয়দ মোঃ মুকিত রশিদ)
Emails:mukit@teacher.cse.buet.ac.bdmukitrashid270596@gmail.com

Name:Tahmid Hasan  (তাহমিদ হাসান)
Emails:tahmid@teacher.cse.buet.ac.bd

Name:Md. Toufikuzzaman  (মোঃ তৌফিকুজজামান)
Emails:md.toufikzaman@gmail.com

